"FECHA","DIA_NOMBRE","FESTIVO","FECHA_ESPECIAL","NRO_ACCIDENTES"
2014-01-01,"Miércoles","Sí","Sí",19
2014-01-02,"Jueves","No","No",35
2014-01-03,"Viernes","No","No",46
2014-01-04,"Sábado","No","No",30
2014-01-05,"Domingo","No","No",35
2014-01-06,"Lunes","Sí","Sí",19
2014-01-07,"Martes","No","No",49
2014-01-08,"Miércoles","No","No",32
2014-01-09,"Jueves","No","No",46
2014-01-10,"Viernes","No","No",61
2014-01-11,"Sábado","No","No",38
2014-01-12,"Domingo","No","No",31
2014-01-13,"Lunes","No","No",51
2014-01-14,"Martes","No","No",51
2014-01-15,"Miércoles","No","No",50
2014-01-16,"Jueves","No","No",55
2014-01-17,"Viernes","No","No",67
2014-01-18,"Sábado","No","No",48
2014-01-19,"Domingo","No","No",33
2014-01-20,"Lunes","No","No",66
2014-01-21,"Martes","No","No",57
2014-01-22,"Miércoles","No","No",73
2014-01-23,"Jueves","No","No",57
2014-01-24,"Viernes","No","No",58
2014-01-25,"Sábado","No","No",58
2014-01-26,"Domingo","No","No",23
2014-01-27,"Lunes","No","No",71
2014-01-28,"Martes","No","No",67
2014-01-29,"Miércoles","No","No",53
2014-01-30,"Jueves","No","No",49
2014-01-31,"Viernes","No","No",70
2014-02-01,"Sábado","No","No",57
2014-02-02,"Domingo","No","No",24
2014-02-03,"Lunes","No","No",59
2014-02-04,"Martes","No","No",62
2014-02-05,"Miércoles","No","No",62
2014-02-06,"Jueves","No","No",68
2014-02-07,"Viernes","No","No",61
2014-02-08,"Sábado","No","No",57
2014-02-09,"Domingo","No","No",25
2014-02-10,"Lunes","No","No",83
2014-02-11,"Martes","No","No",69
2014-02-12,"Miércoles","No","No",67
2014-02-13,"Jueves","No","No",79
2014-02-14,"Viernes","No","No",57
2014-02-15,"Sábado","No","No",52
2014-02-16,"Domingo","No","No",34
2014-02-17,"Lunes","No","No",68
2014-02-18,"Martes","No","No",59
2014-02-19,"Miércoles","No","No",58
2014-02-20,"Jueves","No","No",64
2014-02-21,"Viernes","No","No",58
2014-02-22,"Sábado","No","No",43
2014-02-23,"Domingo","No","No",25
2014-02-24,"Lunes","No","No",75
2014-02-25,"Martes","No","No",54
2014-02-26,"Miércoles","No","No",46
2014-02-27,"Jueves","No","No",72
2014-02-28,"Viernes","No","No",81
2014-03-01,"Sábado","No","No",59
2014-03-02,"Domingo","No","No",38
2014-03-03,"Lunes","No","No",85
2014-03-04,"Martes","No","No",69
2014-03-05,"Miércoles","No","No",66
2014-03-06,"Jueves","No","No",75
2014-03-07,"Viernes","No","No",78
2014-03-08,"Sábado","No","No",54
2014-03-09,"Domingo","No","No",31
2014-03-10,"Lunes","No","No",60
2014-03-11,"Martes","No","No",55
2014-03-12,"Miércoles","No","No",75
2014-03-13,"Jueves","No","No",60
2014-03-14,"Viernes","No","No",76
2014-03-15,"Sábado","No","No",65
2014-03-16,"Domingo","No","No",36
2014-03-17,"Lunes","No","No",74
2014-03-18,"Martes","No","No",56
2014-03-19,"Miércoles","No","No",64
2014-03-20,"Jueves","No","No",69
2014-03-21,"Viernes","No","No",72
2014-03-22,"Sábado","No","No",57
2014-03-23,"Domingo","No","No",34
2014-03-24,"Lunes","Sí","Sí",24
2014-03-25,"Martes","No","No",77
2014-03-26,"Miércoles","No","No",63
2014-03-27,"Jueves","No","No",51
2014-03-28,"Viernes","No","No",81
2014-03-29,"Sábado","No","No",62
2014-03-30,"Domingo","No","No",33
2014-03-31,"Lunes","No","No",64
2014-04-01,"Martes","No","No",54
2014-04-02,"Miércoles","No","No",52
2014-04-03,"Jueves","No","No",63
2014-04-04,"Viernes","No","No",61
2014-04-05,"Sábado","No","No",65
2014-04-06,"Domingo","No","No",25
2014-04-07,"Lunes","No","No",63
2014-04-08,"Martes","No","No",79
2014-04-09,"Miércoles","No","No",63
2014-04-10,"Jueves","No","No",61
2014-04-11,"Viernes","No","No",76
2014-04-12,"Sábado","No","No",68
2014-04-13,"Domingo","No","No",33
2014-04-14,"Lunes","No","No",54
2014-04-15,"Martes","No","No",70
2014-04-16,"Miércoles","No","No",50
2014-04-17,"Jueves","Sí","Sí",16
2014-04-18,"Viernes","Sí","Sí",16
2014-04-19,"Sábado","No","No",29
2014-04-20,"Domingo","No","No",36
2014-04-21,"Lunes","No","No",66
2014-04-22,"Martes","No","No",26
2014-04-23,"Miércoles","No","No",74
2014-04-24,"Jueves","No","No",58
2014-04-25,"Viernes","No","No",70
2014-04-26,"Sábado","No","No",57
2014-04-27,"Domingo","No","No",29
2014-04-28,"Lunes","No","No",68
2014-04-29,"Martes","No","No",58
2014-04-30,"Miércoles","No","No",62
2014-05-01,"Jueves","Sí","Sí",40
2014-05-02,"Viernes","No","No",75
2014-05-03,"Sábado","No","No",64
2014-05-04,"Domingo","No","No",17
2014-05-05,"Lunes","No","No",69
2014-05-06,"Martes","No","No",50
2014-05-07,"Miércoles","No","No",57
2014-05-08,"Jueves","No","No",53
2014-05-09,"Viernes","No","No",61
2014-05-10,"Sábado","No","No",61
2014-05-11,"Domingo","No","No",36
2014-05-12,"Lunes","No","No",63
2014-05-13,"Martes","No","No",66
2014-05-14,"Miércoles","No","No",66
2014-05-15,"Jueves","No","No",52
2014-05-16,"Viernes","No","No",70
2014-05-17,"Sábado","No","No",64
2014-05-18,"Domingo","No","No",27
2014-05-19,"Lunes","No","No",75
2014-05-20,"Martes","No","No",60
2014-05-21,"Miércoles","No","No",62
2014-05-22,"Jueves","No","No",67
2014-05-23,"Viernes","No","No",68
2014-05-24,"Sábado","No","No",50
2014-05-25,"Domingo","No","No",37
2014-05-26,"Lunes","No","No",62
2014-05-27,"Martes","No","No",46
2014-05-28,"Miércoles","No","No",58
2014-05-29,"Jueves","No","No",62
2014-05-30,"Viernes","No","No",79
2014-05-31,"Sábado","No","No",52
2014-06-01,"Domingo","No","No",30
2014-06-02,"Lunes","Sí","Sí",19
2014-06-03,"Martes","No","No",73
2014-06-04,"Miércoles","No","No",74
2014-06-05,"Jueves","No","No",66
2014-06-06,"Viernes","No","No",66
2014-06-07,"Sábado","No","No",68
2014-06-08,"Domingo","No","No",29
2014-06-09,"Lunes","No","No",55
2014-06-10,"Martes","No","No",48
2014-06-11,"Miércoles","No","No",63
2014-06-12,"Jueves","No","No",41
2014-06-13,"Viernes","No","No",61
2014-06-14,"Sábado","No","No",66
2014-06-15,"Domingo","No","No",34
2014-06-16,"Lunes","No","No",48
2014-06-17,"Martes","No","No",50
2014-06-18,"Miércoles","No","No",54
2014-06-19,"Jueves","No","No",46
2014-06-20,"Viernes","No","No",54
2014-06-21,"Sábado","No","No",53
2014-06-22,"Domingo","No","No",31
2014-06-23,"Lunes","Sí","Sí",17
2014-06-24,"Martes","No","No",65
2014-06-25,"Miércoles","No","No",84
2014-06-26,"Jueves","No","No",57
2014-06-27,"Viernes","No","No",65
2014-06-28,"Sábado","No","No",53
2014-06-29,"Domingo","No","No",25
2014-06-30,"Lunes","Sí","Sí",31
2014-07-01,"Martes","No","No",61
2014-07-02,"Miércoles","No","No",60
2014-07-03,"Jueves","No","No",71
2014-07-04,"Viernes","No","No",50
2014-07-05,"Sábado","No","No",46
2014-07-06,"Domingo","No","No",21
2014-07-07,"Lunes","No","No",86
2014-07-08,"Martes","No","No",61
2014-07-09,"Miércoles","No","No",59
2014-07-10,"Jueves","No","No",57
2014-07-11,"Viernes","No","No",46
2014-07-12,"Sábado","No","No",43
2014-07-13,"Domingo","No","No",24
2014-07-14,"Lunes","No","No",62
2014-07-15,"Martes","No","No",62
2014-07-16,"Miércoles","No","No",61
2014-07-17,"Jueves","No","No",49
2014-07-18,"Viernes","No","No",50
2014-07-19,"Sábado","No","No",45
2014-07-20,"Domingo","No","No",25
2014-07-21,"Lunes","No","No",67
2014-07-22,"Martes","No","No",63
2014-07-23,"Miércoles","No","No",57
2014-07-24,"Jueves","No","No",53
2014-07-25,"Viernes","No","No",68
2014-07-26,"Sábado","No","No",61
2014-07-27,"Domingo","No","No",16
2014-07-28,"Lunes","No","No",88
2014-07-29,"Martes","No","No",63
2014-07-30,"Miércoles","No","No",65
2014-07-31,"Jueves","No","No",43
2014-08-01,"Viernes","No","No",71
2014-08-02,"Sábado","No","No",50
2014-08-03,"Domingo","No","No",36
2014-08-04,"Lunes","No","No",60
2014-08-05,"Martes","No","No",65
2014-08-06,"Miércoles","No","No",93
2014-08-07,"Jueves","Sí","Sí",33
2014-08-08,"Viernes","No","No",77
2014-08-09,"Sábado","No","No",50
2014-08-10,"Domingo","No","No",31
2014-08-11,"Lunes","No","No",60
2014-08-12,"Martes","No","No",44
2014-08-13,"Miércoles","No","No",60
2014-08-14,"Jueves","No","No",58
2014-08-15,"Viernes","No","No",78
2014-08-16,"Sábado","No","No",50
2014-08-17,"Domingo","No","No",29
2014-08-18,"Lunes","Sí","Sí",15
2014-08-19,"Martes","No","No",59
2014-08-20,"Miércoles","No","No",53
2014-08-21,"Jueves","No","No",46
2014-08-22,"Viernes","No","No",56
2014-08-23,"Sábado","No","No",51
2014-08-24,"Domingo","No","No",26
2014-08-25,"Lunes","No","No",65
2014-08-26,"Martes","No","No",65
2014-08-27,"Miércoles","No","No",51
2014-08-28,"Jueves","No","No",73
2014-08-29,"Viernes","No","No",61
2014-08-30,"Sábado","No","No",55
2014-08-31,"Domingo","No","No",31
2014-09-01,"Lunes","No","No",54
2014-09-02,"Martes","No","No",42
2014-09-03,"Miércoles","No","No",56
2014-09-04,"Jueves","No","No",59
2014-09-05,"Viernes","No","No",74
2014-09-06,"Sábado","No","No",48
2014-09-07,"Domingo","No","No",23
2014-09-08,"Lunes","No","No",55
2014-09-09,"Martes","No","No",51
2014-09-10,"Miércoles","No","No",48
2014-09-11,"Jueves","No","No",71
2014-09-12,"Viernes","No","No",80
2014-09-13,"Sábado","No","No",53
2014-09-14,"Domingo","No","No",35
2014-09-15,"Lunes","No","No",59
2014-09-16,"Martes","No","No",65
2014-09-17,"Miércoles","No","No",77
2014-09-18,"Jueves","No","No",64
2014-09-19,"Viernes","No","No",71
2014-09-20,"Sábado","No","No",53
2014-09-21,"Domingo","No","No",31
2014-09-22,"Lunes","No","No",54
2014-09-23,"Martes","No","No",64
2014-09-24,"Miércoles","No","No",53
2014-09-25,"Jueves","No","No",49
2014-09-26,"Viernes","No","No",65
2014-09-27,"Sábado","No","No",42
2014-09-28,"Domingo","No","No",29
2014-09-29,"Lunes","No","No",54
2014-09-30,"Martes","No","No",63
2014-10-01,"Miércoles","No","No",51
2014-10-02,"Jueves","No","No",44
2014-10-03,"Viernes","No","No",62
2014-10-04,"Sábado","No","No",60
2014-10-05,"Domingo","No","No",47
2014-10-06,"Lunes","No","No",56
2014-10-07,"Martes","No","No",55
2014-10-08,"Miércoles","No","No",51
2014-10-09,"Jueves","No","No",65
2014-10-10,"Viernes","No","No",71
2014-10-11,"Sábado","No","No",48
2014-10-12,"Domingo","No","No",15
2014-10-13,"Lunes","Sí","Sí",26
2014-10-14,"Martes","No","No",75
2014-10-15,"Miércoles","No","No",47
2014-10-16,"Jueves","No","No",47
2014-10-17,"Viernes","No","No",62
2014-10-18,"Sábado","No","No",43
2014-10-19,"Domingo","No","No",28
2014-10-20,"Lunes","No","No",39
2014-10-21,"Martes","No","No",50
2014-10-22,"Miércoles","No","No",81
2014-10-23,"Jueves","No","No",49
2014-10-24,"Viernes","No","No",47
2014-10-25,"Sábado","No","No",57
2014-10-26,"Domingo","No","No",33
2014-10-27,"Lunes","No","No",60
2014-10-28,"Martes","No","No",54
2014-10-29,"Miércoles","No","No",73
2014-10-30,"Jueves","No","No",77
2014-10-31,"Viernes","No","No",74
2014-11-01,"Sábado","No","No",49
2014-11-02,"Domingo","No","No",24
2014-11-03,"Lunes","Sí","Sí",23
2014-11-04,"Martes","No","No",56
2014-11-05,"Miércoles","No","No",53
2014-11-06,"Jueves","No","No",59
2014-11-07,"Viernes","No","No",66
2014-11-08,"Sábado","No","No",41
2014-11-09,"Domingo","No","No",28
2014-11-10,"Lunes","No","No",68
2014-11-11,"Martes","No","No",56
2014-11-12,"Miércoles","No","No",68
2014-11-13,"Jueves","No","No",45
2014-11-14,"Viernes","No","No",66
2014-11-15,"Sábado","No","No",71
2014-11-16,"Domingo","No","No",31
2014-11-17,"Lunes","Sí","Sí",25
2014-11-18,"Martes","No","No",53
2014-11-19,"Miércoles","No","No",59
2014-11-20,"Jueves","No","No",54
2014-11-21,"Viernes","No","No",71
2014-11-22,"Sábado","No","No",63
2014-11-23,"Domingo","No","No",24
2014-11-24,"Lunes","No","No",54
2014-11-25,"Martes","No","No",71
2014-11-26,"Miércoles","No","No",55
2014-11-27,"Jueves","No","No",72
2014-11-28,"Viernes","No","No",81
2014-11-29,"Sábado","No","No",53
2014-11-30,"Domingo","No","No",28
2014-12-01,"Lunes","No","No",62
2014-12-02,"Martes","No","No",64
2014-12-03,"Miércoles","No","No",73
2014-12-04,"Jueves","No","No",51
2014-12-05,"Viernes","No","No",78
2014-12-06,"Sábado","No","No",71
2014-12-07,"Domingo","No","No",39
2014-12-08,"Lunes","Sí","Sí",30
2014-12-09,"Martes","No","No",65
2014-12-10,"Miércoles","No","No",57
2014-12-11,"Jueves","No","No",61
2014-12-12,"Viernes","No","No",64
2014-12-13,"Sábado","No","No",43
2014-12-14,"Domingo","No","No",33
2014-12-15,"Lunes","No","No",54
2014-12-16,"Martes","No","No",73
2014-12-17,"Miércoles","No","No",70
2014-12-18,"Jueves","No","No",73
2014-12-19,"Viernes","No","No",71
2014-12-20,"Sábado","No","No",61
2014-12-21,"Domingo","No","No",34
2014-12-22,"Lunes","No","No",74
2014-12-23,"Martes","No","No",81
2014-12-24,"Miércoles","No","No",51
2014-12-25,"Jueves","Sí","Sí",22
2014-12-26,"Viernes","No","No",53
2014-12-27,"Sábado","No","No",39
2014-12-28,"Domingo","No","No",24
2014-12-29,"Lunes","No","No",64
2014-12-30,"Martes","No","No",46
2014-12-31,"Miércoles","No","No",38
2015-01-01,"Jueves","Sí","Sí",8
2015-01-02,"Viernes","No","No",36
2015-01-03,"Sábado","No","No",24
2015-01-04,"Domingo","No","No",19
2015-01-05,"Lunes","No","No",33
2015-01-06,"Martes","No","No",52
2015-01-07,"Miércoles","No","No",44
2015-01-08,"Jueves","No","No",40
2015-01-09,"Viernes","No","No",45
2015-01-10,"Sábado","No","No",36
2015-01-11,"Domingo","No","No",24
2015-01-12,"Lunes","Sí","Sí",16
2015-01-13,"Martes","No","No",62
2015-01-14,"Miércoles","No","No",46
2015-01-15,"Jueves","No","No",46
2015-01-16,"Viernes","No","No",53
2015-01-17,"Sábado","No","No",42
2015-01-18,"Domingo","No","No",28
2015-01-19,"Lunes","No","No",45
2015-01-20,"Martes","No","No",64
2015-01-21,"Miércoles","No","No",59
2015-01-22,"Jueves","No","No",62
2015-01-23,"Viernes","No","No",51
2015-01-24,"Sábado","No","No",42
2015-01-25,"Domingo","No","No",23
2015-01-26,"Lunes","No","No",44
2015-01-27,"Martes","No","No",49
2015-01-28,"Miércoles","No","No",52
2015-01-29,"Jueves","No","No",55
2015-01-30,"Viernes","No","No",46
2015-01-31,"Sábado","No","No",57
2015-02-01,"Domingo","No","No",25
2015-02-02,"Lunes","No","No",60
2015-02-03,"Martes","No","No",61
2015-02-04,"Miércoles","No","No",44
2015-02-05,"Jueves","No","No",53
2015-02-06,"Viernes","No","No",81
2015-02-07,"Sábado","No","No",37
2015-02-08,"Domingo","No","No",32
2015-02-09,"Lunes","No","No",64
2015-02-10,"Martes","No","No",72
2015-02-11,"Miércoles","No","No",42
2015-02-12,"Jueves","No","No",66
2015-02-13,"Viernes","No","No",78
2015-02-14,"Sábado","No","No",49
2015-02-15,"Domingo","No","No",32
2015-02-16,"Lunes","No","No",65
2015-02-17,"Martes","No","No",68
2015-02-18,"Miércoles","No","No",54
2015-02-19,"Jueves","No","No",69
2015-02-20,"Viernes","No","No",65
2015-02-21,"Sábado","No","No",42
2015-02-22,"Domingo","No","No",24
2015-02-23,"Lunes","No","No",56
2015-02-24,"Martes","No","No",59
2015-02-25,"Miércoles","No","No",53
2015-02-26,"Jueves","No","No",58
2015-02-27,"Viernes","No","No",58
2015-02-28,"Sábado","No","No",53
2015-03-01,"Domingo","No","No",36
2015-03-02,"Lunes","No","No",55
2015-03-03,"Martes","No","No",56
2015-03-04,"Miércoles","No","No",53
2015-03-05,"Jueves","No","No",40
2015-03-06,"Viernes","No","No",43
2015-03-07,"Sábado","No","No",56
2015-03-08,"Domingo","No","No",36
2015-03-09,"Lunes","No","No",58
2015-03-10,"Martes","No","No",86
2015-03-11,"Miércoles","No","No",52
2015-03-12,"Jueves","No","No",62
2015-03-13,"Viernes","No","No",61
2015-03-14,"Sábado","No","No",49
2015-03-15,"Domingo","No","No",25
2015-03-16,"Lunes","No","No",64
2015-03-17,"Martes","No","No",69
2015-03-18,"Miércoles","No","No",52
2015-03-19,"Jueves","No","No",76
2015-03-20,"Viernes","No","No",74
2015-03-21,"Sábado","No","No",65
2015-03-22,"Domingo","No","No",28
2015-03-23,"Lunes","Sí","Sí",26
2015-03-24,"Martes","No","No",72
2015-03-25,"Miércoles","No","No",68
2015-03-26,"Jueves","No","No",50
2015-03-27,"Viernes","No","No",59
2015-03-28,"Sábado","No","No",42
2015-03-29,"Domingo","No","No",26
2015-03-30,"Lunes","No","No",67
2015-03-31,"Martes","No","No",61
2015-04-01,"Miércoles","No","No",53
2015-04-02,"Jueves","Sí","Sí",28
2015-04-03,"Viernes","Sí","Sí",14
2015-04-04,"Sábado","No","No",30
2015-04-05,"Domingo","No","No",21
2015-04-06,"Lunes","No","No",67
2015-04-07,"Martes","No","No",40
2015-04-08,"Miércoles","No","No",70
2015-04-09,"Jueves","No","No",56
2015-04-10,"Viernes","No","No",74
2015-04-11,"Sábado","No","No",65
2015-04-12,"Domingo","No","No",31
2015-04-13,"Lunes","No","No",55
2015-04-14,"Martes","No","No",49
2015-04-15,"Miércoles","No","No",52
2015-04-16,"Jueves","No","No",62
2015-04-17,"Viernes","No","No",72
2015-04-18,"Sábado","No","No",63
2015-04-19,"Domingo","No","No",18
2015-04-20,"Lunes","No","No",78
2015-04-21,"Martes","No","No",72
2015-04-22,"Miércoles","No","No",34
2015-04-23,"Jueves","No","No",88
2015-04-24,"Viernes","No","No",70
2015-04-25,"Sábado","No","No",51
2015-04-26,"Domingo","No","No",40
2015-04-27,"Lunes","No","No",77
2015-04-28,"Martes","No","No",68
2015-04-29,"Miércoles","No","No",71
2015-04-30,"Jueves","No","No",68
2015-05-01,"Viernes","Sí","Sí",35
2015-05-02,"Sábado","No","No",50
2015-05-03,"Domingo","No","No",27
2015-05-04,"Lunes","No","No",65
2015-05-05,"Martes","No","No",66
2015-05-06,"Miércoles","No","No",44
2015-05-07,"Jueves","No","No",80
2015-05-08,"Viernes","No","No",53
2015-05-09,"Sábado","No","No",75
2015-05-10,"Domingo","No","No",42
2015-05-11,"Lunes","No","No",61
2015-05-12,"Martes","No","No",77
2015-05-13,"Miércoles","No","No",71
2015-05-14,"Jueves","No","No",62
2015-05-15,"Viernes","No","No",75
2015-05-16,"Sábado","No","No",62
2015-05-17,"Domingo","No","No",19
2015-05-18,"Lunes","Sí","Sí",28
2015-05-19,"Martes","No","No",71
2015-05-20,"Miércoles","No","No",58
2015-05-21,"Jueves","No","No",61
2015-05-22,"Viernes","No","No",74
2015-05-23,"Sábado","No","No",67
2015-05-24,"Domingo","No","No",26
2015-05-25,"Lunes","No","No",64
2015-05-26,"Martes","No","No",54
2015-05-27,"Miércoles","No","No",58
2015-05-28,"Jueves","No","No",55
2015-05-29,"Viernes","No","No",68
2015-05-30,"Sábado","No","No",71
2015-05-31,"Domingo","No","No",30
2015-06-01,"Lunes","No","No",62
2015-06-02,"Martes","No","No",58
2015-06-03,"Miércoles","No","No",82
2015-06-04,"Jueves","No","No",54
2015-06-05,"Viernes","No","No",58
2015-06-06,"Sábado","No","No",62
2015-06-07,"Domingo","No","No",31
2015-06-08,"Lunes","Sí","Sí",27
2015-06-09,"Martes","No","No",62
2015-06-10,"Miércoles","No","No",61
2015-06-11,"Jueves","No","No",60
2015-06-12,"Viernes","No","No",73
2015-06-13,"Sábado","No","No",55
2015-06-14,"Domingo","No","No",23
2015-06-15,"Lunes","Sí","Sí",29
2015-06-16,"Martes","No","No",80
2015-06-17,"Miércoles","No","No",60
2015-06-18,"Jueves","No","No",54
2015-06-19,"Viernes","No","No",73
2015-06-20,"Sábado","No","No",45
2015-06-21,"Domingo","No","No",30
2015-06-22,"Lunes","No","No",50
2015-06-23,"Martes","No","No",55
2015-06-24,"Miércoles","No","No",70
2015-06-25,"Jueves","No","No",47
2015-06-26,"Viernes","No","No",64
2015-06-27,"Sábado","No","No",50
2015-06-28,"Domingo","No","No",20
2015-06-29,"Lunes","Sí","Sí",17
2015-06-30,"Martes","No","No",70
2015-07-01,"Miércoles","No","No",63
2015-07-02,"Jueves","No","No",52
2015-07-03,"Viernes","No","No",61
2015-07-04,"Sábado","No","No",51
2015-07-05,"Domingo","No","No",30
2015-07-06,"Lunes","No","No",69
2015-07-07,"Martes","No","No",58
2015-07-08,"Miércoles","No","No",63
2015-07-09,"Jueves","No","No",65
2015-07-10,"Viernes","No","No",55
2015-07-11,"Sábado","No","No",60
2015-07-12,"Domingo","No","No",26
2015-07-13,"Lunes","No","No",72
2015-07-14,"Martes","No","No",73
2015-07-15,"Miércoles","No","No",56
2015-07-16,"Jueves","No","No",64
2015-07-17,"Viernes","No","No",79
2015-07-18,"Sábado","No","No",55
2015-07-19,"Domingo","No","No",18
2015-07-20,"Lunes","Sí","Sí",38
2015-07-21,"Martes","No","No",74
2015-07-22,"Miércoles","No","No",53
2015-07-23,"Jueves","No","No",60
2015-07-24,"Viernes","No","No",62
2015-07-25,"Sábado","No","No",64
2015-07-26,"Domingo","No","No",26
2015-07-27,"Lunes","No","No",73
2015-07-28,"Martes","No","No",70
2015-07-29,"Miércoles","No","No",68
2015-07-30,"Jueves","No","No",61
2015-07-31,"Viernes","No","No",74
2015-08-01,"Sábado","No","No",51
2015-08-02,"Domingo","No","No",40
2015-08-03,"Lunes","No","No",79
2015-08-04,"Martes","No","No",80
2015-08-05,"Miércoles","No","No",78
2015-08-06,"Jueves","No","No",73
2015-08-07,"Viernes","Sí","Sí",37
2015-08-08,"Sábado","No","No",62
2015-08-09,"Domingo","No","No",37
2015-08-10,"Lunes","No","No",70
2015-08-11,"Martes","No","No",65
2015-08-12,"Miércoles","No","No",47
2015-08-13,"Jueves","No","No",63
2015-08-14,"Viernes","No","No",73
2015-08-15,"Sábado","No","No",55
2015-08-16,"Domingo","No","No",28
2015-08-17,"Lunes","Sí","Sí",27
2015-08-18,"Martes","No","No",76
2015-08-19,"Miércoles","No","No",42
2015-08-20,"Jueves","No","No",55
2015-08-21,"Viernes","No","No",52
2015-08-22,"Sábado","No","No",38
2015-08-23,"Domingo","No","No",24
2015-08-24,"Lunes","No","No",62
2015-08-25,"Martes","No","No",56
2015-08-26,"Miércoles","No","No",60
2015-08-27,"Jueves","No","No",51
2015-08-28,"Viernes","No","No",85
2015-08-29,"Sábado","No","No",60
2015-08-30,"Domingo","No","No",29
2015-08-31,"Lunes","No","No",54
2015-09-01,"Martes","No","No",67
2015-09-02,"Miércoles","No","No",67
2015-09-03,"Jueves","No","No",68
2015-09-04,"Viernes","No","No",73
2015-09-05,"Sábado","No","No",61
2015-09-06,"Domingo","No","No",37
2015-09-07,"Lunes","No","No",78
2015-09-08,"Martes","No","No",50
2015-09-09,"Miércoles","No","No",63
2015-09-10,"Jueves","No","No",58
2015-09-11,"Viernes","No","No",84
2015-09-12,"Sábado","No","No",66
2015-09-13,"Domingo","No","No",35
2015-09-14,"Lunes","No","No",69
2015-09-15,"Martes","No","No",64
2015-09-16,"Miércoles","No","No",77
2015-09-17,"Jueves","No","No",82
2015-09-18,"Viernes","No","No",77
2015-09-19,"Sábado","No","No",59
2015-09-20,"Domingo","No","No",26
2015-09-21,"Lunes","No","No",65
2015-09-22,"Martes","No","No",59
2015-09-23,"Miércoles","No","No",61
2015-09-24,"Jueves","No","No",61
2015-09-25,"Viernes","No","No",57
2015-09-26,"Sábado","No","No",56
2015-09-27,"Domingo","No","No",31
2015-09-28,"Lunes","No","No",66
2015-09-29,"Martes","No","No",62
2015-09-30,"Miércoles","No","No",67
2015-10-01,"Jueves","No","No",69
2015-10-02,"Viernes","No","No",75
2015-10-03,"Sábado","No","No",66
2015-10-04,"Domingo","No","No",27
2015-10-05,"Lunes","No","No",66
2015-10-06,"Martes","No","No",61
2015-10-07,"Miércoles","No","No",62
2015-10-08,"Jueves","No","No",53
2015-10-09,"Viernes","No","No",57
2015-10-10,"Sábado","No","No",59
2015-10-11,"Domingo","No","No",24
2015-10-12,"Lunes","Sí","Sí",24
2015-10-13,"Martes","No","No",78
2015-10-14,"Miércoles","No","No",53
2015-10-15,"Jueves","No","No",50
2015-10-16,"Viernes","No","No",65
2015-10-17,"Sábado","No","No",64
2015-10-18,"Domingo","No","No",23
2015-10-19,"Lunes","No","No",77
2015-10-20,"Martes","No","No",67
2015-10-21,"Miércoles","No","No",48
2015-10-22,"Jueves","No","No",54
2015-10-23,"Viernes","No","No",67
2015-10-24,"Sábado","No","No",79
2015-10-25,"Domingo","No","No",31
2015-10-26,"Lunes","No","No",53
2015-10-27,"Martes","No","No",52
2015-10-28,"Miércoles","No","No",55
2015-10-29,"Jueves","No","No",65
2015-10-30,"Viernes","No","No",81
2015-10-31,"Sábado","No","No",59
2015-11-01,"Domingo","No","No",17
2015-11-02,"Lunes","Sí","Sí",24
2015-11-03,"Martes","No","No",56
2015-11-04,"Miércoles","No","No",73
2015-11-05,"Jueves","No","No",83
2015-11-06,"Viernes","No","No",79
2015-11-07,"Sábado","No","No",65
2015-11-08,"Domingo","No","No",23
2015-11-09,"Lunes","No","No",54
2015-11-10,"Martes","No","No",83
2015-11-11,"Miércoles","No","No",73
2015-11-12,"Jueves","No","No",50
2015-11-13,"Viernes","No","No",74
2015-11-14,"Sábado","No","No",48
2015-11-15,"Domingo","No","No",30
2015-11-16,"Lunes","Sí","Sí",34
2015-11-17,"Martes","No","No",77
2015-11-18,"Miércoles","No","No",64
2015-11-19,"Jueves","No","No",55
2015-11-20,"Viernes","No","No",65
2015-11-21,"Sábado","No","No",54
2015-11-22,"Domingo","No","No",32
2015-11-23,"Lunes","No","No",71
2015-11-24,"Martes","No","No",54
2015-11-25,"Miércoles","No","No",56
2015-11-26,"Jueves","No","No",66
2015-11-27,"Viernes","No","No",78
2015-11-28,"Sábado","No","No",55
2015-11-29,"Domingo","No","No",26
2015-11-30,"Lunes","No","No",49
2015-12-01,"Martes","No","No",57
2015-12-02,"Miércoles","No","No",75
2015-12-03,"Jueves","No","No",77
2015-12-04,"Viernes","No","No",69
2015-12-05,"Sábado","No","No",66
2015-12-06,"Domingo","No","No",21
2015-12-07,"Lunes","No","No",87
2015-12-08,"Martes","Sí","Sí",34
2015-12-09,"Miércoles","No","No",74
2015-12-10,"Jueves","No","No",64
2015-12-11,"Viernes","No","No",60
2015-12-12,"Sábado","No","No",73
2015-12-13,"Domingo","No","No",32
2015-12-14,"Lunes","No","No",69
2015-12-15,"Martes","No","No",70
2015-12-16,"Miércoles","No","No",78
2015-12-17,"Jueves","No","No",60
2015-12-18,"Viernes","No","No",69
2015-12-19,"Sábado","No","No",61
2015-12-20,"Domingo","No","No",29
2015-12-21,"Lunes","No","No",54
2015-12-22,"Martes","No","No",81
2015-12-23,"Miércoles","No","No",64
2015-12-24,"Jueves","No","No",53
2015-12-25,"Viernes","Sí","Sí",21
2015-12-26,"Sábado","No","No",33
2015-12-27,"Domingo","No","No",21
2015-12-28,"Lunes","No","No",49
2015-12-29,"Martes","No","No",57
2015-12-30,"Miércoles","No","No",66
2015-12-31,"Jueves","No","No",33
2016-01-01,"Viernes","Sí","Sí",20
2016-01-02,"Sábado","No","No",21
2016-01-03,"Domingo","No","No",21
2016-01-04,"Lunes","No","No",41
2016-01-05,"Martes","No","No",32
2016-01-06,"Miércoles","No","No",40
2016-01-07,"Jueves","No","No",42
2016-01-08,"Viernes","No","No",43
2016-01-09,"Sábado","No","No",22
2016-01-10,"Domingo","No","No",21
2016-01-11,"Lunes","Sí","Sí",19
2016-01-12,"Martes","No","No",57
2016-01-13,"Miércoles","No","No",60
2016-01-14,"Jueves","No","No",47
2016-01-15,"Viernes","No","No",48
2016-01-16,"Sábado","No","No",59
2016-01-17,"Domingo","No","No",20
2016-01-18,"Lunes","No","No",63
2016-01-19,"Martes","No","No",66
2016-01-20,"Miércoles","No","No",54
2016-01-21,"Jueves","No","No",54
2016-01-22,"Viernes","No","No",62
2016-01-23,"Sábado","No","No",44
2016-01-24,"Domingo","No","No",28
2016-01-25,"Lunes","No","No",56
2016-01-26,"Martes","No","No",60
2016-01-27,"Miércoles","No","No",67
2016-01-28,"Jueves","No","No",59
2016-01-29,"Viernes","No","No",69
2016-01-30,"Sábado","No","No",56
2016-01-31,"Domingo","No","No",23
2016-02-01,"Lunes","No","No",45
2016-02-02,"Martes","No","No",71
2016-02-03,"Miércoles","No","No",59
2016-02-04,"Jueves","No","No",63
2016-02-05,"Viernes","No","No",61
2016-02-06,"Sábado","No","No",49
2016-02-07,"Domingo","No","No",36
2016-02-08,"Lunes","No","No",57
2016-02-09,"Martes","No","No",60
2016-02-10,"Miércoles","No","No",61
2016-02-11,"Jueves","No","No",52
2016-02-12,"Viernes","No","No",57
2016-02-13,"Sábado","No","No",63
2016-02-14,"Domingo","No","No",29
2016-02-15,"Lunes","No","No",56
2016-02-16,"Martes","No","No",59
2016-02-17,"Miércoles","No","No",86
2016-02-18,"Jueves","No","No",71
2016-02-19,"Viernes","No","No",64
2016-02-20,"Sábado","No","No",58
2016-02-21,"Domingo","No","No",29
2016-02-22,"Lunes","No","No",64
2016-02-23,"Martes","No","No",53
2016-02-24,"Miércoles","No","No",56
2016-02-25,"Jueves","No","No",49
2016-02-26,"Viernes","No","No",79
2016-02-27,"Sábado","No","No",48
2016-02-28,"Domingo","No","No",16
2016-02-29,"Lunes","No","No",65
2016-03-01,"Martes","No","No",72
2016-03-02,"Miércoles","No","No",50
2016-03-03,"Jueves","No","No",52
2016-03-04,"Viernes","No","No",70
2016-03-05,"Sábado","No","No",70
2016-03-06,"Domingo","No","No",30
2016-03-07,"Lunes","No","No",88
2016-03-08,"Martes","No","No",72
2016-03-09,"Miércoles","No","No",53
2016-03-10,"Jueves","No","No",78
2016-03-11,"Viernes","No","No",90
2016-03-12,"Sábado","No","No",68
2016-03-13,"Domingo","No","No",32
2016-03-14,"Lunes","No","No",66
2016-03-15,"Martes","No","No",53
2016-03-16,"Miércoles","No","No",58
2016-03-17,"Jueves","No","No",75
2016-03-18,"Viernes","No","No",76
2016-03-19,"Sábado","No","No",49
2016-03-20,"Domingo","No","No",24
2016-03-21,"Lunes","Sí","Sí",15
2016-03-22,"Martes","No","No",49
2016-03-23,"Miércoles","No","No",57
2016-03-24,"Jueves","Sí","Sí",16
2016-03-25,"Viernes","Sí","Sí",8
2016-03-26,"Sábado","No","No",27
2016-03-27,"Domingo","No","No",24
2016-03-28,"Lunes","No","No",63
2016-03-29,"Martes","No","No",57
2016-03-30,"Miércoles","No","No",61
2016-03-31,"Jueves","No","No",49
2016-04-01,"Viernes","No","No",59
2016-04-02,"Sábado","No","No",35
2016-04-03,"Domingo","No","No",15
2016-04-04,"Lunes","No","No",55
2016-04-05,"Martes","No","No",69
2016-04-06,"Miércoles","No","No",72
2016-04-07,"Jueves","No","No",56
2016-04-08,"Viernes","No","No",108
2016-04-09,"Sábado","No","No",55
2016-04-10,"Domingo","No","No",37
2016-04-11,"Lunes","No","No",67
2016-04-12,"Martes","No","No",75
2016-04-13,"Miércoles","No","No",48
2016-04-14,"Jueves","No","No",59
2016-04-15,"Viernes","No","No",82
2016-04-16,"Sábado","No","No",57
2016-04-17,"Domingo","No","No",16
2016-04-18,"Lunes","No","No",74
2016-04-19,"Martes","No","No",58
2016-04-20,"Miércoles","No","No",69
2016-04-21,"Jueves","No","No",57
2016-04-22,"Viernes","No","No",36
2016-04-23,"Sábado","No","No",53
2016-04-24,"Domingo","No","No",30
2016-04-25,"Lunes","No","No",61
2016-04-26,"Martes","No","No",60
2016-04-27,"Miércoles","No","No",59
2016-04-28,"Jueves","No","No",76
2016-04-29,"Viernes","No","No",70
2016-04-30,"Sábado","No","No",57
2016-05-01,"Domingo","Sí","Sí",38
2016-05-02,"Lunes","No","No",50
2016-05-03,"Martes","No","No",58
2016-05-04,"Miércoles","No","No",55
2016-05-05,"Jueves","No","No",73
2016-05-06,"Viernes","No","No",86
2016-05-07,"Sábado","No","No",79
2016-05-08,"Domingo","No","No",39
2016-05-09,"Lunes","Sí","Sí",27
2016-05-10,"Martes","No","No",80
2016-05-11,"Miércoles","No","No",67
2016-05-12,"Jueves","No","No",50
2016-05-13,"Viernes","No","No",80
2016-05-14,"Sábado","No","No",60
2016-05-15,"Domingo","No","No",23
2016-05-16,"Lunes","No","No",74
2016-05-17,"Martes","No","No",82
2016-05-18,"Miércoles","No","No",54
2016-05-19,"Jueves","No","No",66
2016-05-20,"Viernes","No","No",61
2016-05-21,"Sábado","No","No",54
2016-05-22,"Domingo","No","No",24
2016-05-23,"Lunes","No","No",71
2016-05-24,"Martes","No","No",63
2016-05-25,"Miércoles","No","No",60
2016-05-26,"Jueves","No","No",63
2016-05-27,"Viernes","No","No",55
2016-05-28,"Sábado","No","No",41
2016-05-29,"Domingo","No","No",30
2016-05-30,"Lunes","Sí","Sí",23
2016-05-31,"Martes","No","No",18
2016-06-01,"Miércoles","No","No",49
2016-06-02,"Jueves","No","No",63
2016-06-03,"Viernes","No","No",69
2016-06-04,"Sábado","No","No",59
2016-06-05,"Domingo","No","No",15
2016-06-06,"Lunes","Sí","Sí",28
2016-06-07,"Martes","No","No",62
2016-06-08,"Miércoles","No","No",55
2016-06-09,"Jueves","No","No",53
2016-06-10,"Viernes","No","No",50
2016-06-11,"Sábado","No","No",55
2016-06-12,"Domingo","No","No",29
2016-06-13,"Lunes","No","No",52
2016-06-14,"Martes","No","No",61
2016-06-15,"Miércoles","No","No",74
2016-06-16,"Jueves","No","No",64
2016-06-17,"Viernes","No","No",65
2016-06-18,"Sábado","No","No",66
2016-06-19,"Domingo","No","No",23
2016-06-20,"Lunes","No","No",45
2016-06-21,"Martes","No","No",64
2016-06-22,"Miércoles","No","No",74
2016-06-23,"Jueves","No","No",65
2016-06-24,"Viernes","No","No",50
2016-06-25,"Sábado","No","No",59
2016-06-26,"Domingo","No","No",27
2016-06-27,"Lunes","No","No",47
2016-06-28,"Martes","No","No",64
2016-06-29,"Miércoles","No","No",49
2016-06-30,"Jueves","No","No",16
2016-07-01,"Viernes","No","No",62
2016-07-02,"Sábado","No","No",45
2016-07-03,"Domingo","No","No",20
2016-07-04,"Lunes","Sí","Sí",24
2016-07-05,"Martes","No","No",54
2016-07-06,"Miércoles","No","No",51
2016-07-07,"Jueves","No","No",50
2016-07-08,"Viernes","No","No",65
2016-07-09,"Sábado","No","No",73
2016-07-10,"Domingo","No","No",28
2016-07-11,"Lunes","No","No",48
2016-07-12,"Martes","No","No",64
2016-07-13,"Miércoles","No","No",67
2016-07-14,"Jueves","No","No",61
2016-07-15,"Viernes","No","No",84
2016-07-16,"Sábado","No","No",42
2016-07-17,"Domingo","No","No",39
2016-07-18,"Lunes","No","No",73
2016-07-19,"Martes","No","No",60
2016-07-20,"Miércoles","Sí","Sí",25
2016-07-21,"Jueves","No","No",65
2016-07-22,"Viernes","No","No",58
2016-07-23,"Sábado","No","No",63
2016-07-24,"Domingo","No","No",27
2016-07-25,"Lunes","No","No",62
2016-07-26,"Martes","No","No",60
2016-07-27,"Miércoles","No","No",76
2016-07-28,"Jueves","No","No",58
2016-07-29,"Viernes","No","No",73
2016-07-30,"Sábado","No","No",48
2016-07-31,"Domingo","No","No",39
2016-08-01,"Lunes","No","No",61
2016-08-02,"Martes","No","No",71
2016-08-03,"Miércoles","No","No",75
2016-08-04,"Jueves","No","No",65
2016-08-05,"Viernes","No","No",69
2016-08-06,"Sábado","No","No",65
2016-08-07,"Domingo","Sí","Sí",48
2016-08-08,"Lunes","No","No",47
2016-08-09,"Martes","No","No",77
2016-08-10,"Miércoles","No","No",60
2016-08-11,"Jueves","No","No",68
2016-08-12,"Viernes","No","No",65
2016-08-13,"Sábado","No","No",68
2016-08-14,"Domingo","No","No",26
2016-08-15,"Lunes","Sí","Sí",23
2016-08-16,"Martes","No","No",72
2016-08-17,"Miércoles","No","No",57
2016-08-18,"Jueves","No","No",78
2016-08-19,"Viernes","No","No",64
2016-08-20,"Sábado","No","No",55
2016-08-21,"Domingo","No","No",32
2016-08-22,"Lunes","No","No",62
2016-08-23,"Martes","No","No",77
2016-08-24,"Miércoles","No","No",63
2016-08-25,"Jueves","No","No",75
2016-08-26,"Viernes","No","No",71
2016-08-27,"Sábado","No","No",48
2016-08-28,"Domingo","No","No",26
2016-08-29,"Lunes","No","No",51
2016-08-30,"Martes","No","No",43
2016-08-31,"Miércoles","No","No",45
2016-09-01,"Jueves","No","No",53
2016-09-02,"Viernes","No","No",65
2016-09-03,"Sábado","No","No",52
2016-09-04,"Domingo","No","No",35
2016-09-05,"Lunes","No","No",66
2016-09-06,"Martes","No","No",74
2016-09-07,"Miércoles","No","No",62
2016-09-08,"Jueves","No","No",74
2016-09-09,"Viernes","No","No",42
2016-09-10,"Sábado","No","No",71
2016-09-11,"Domingo","No","No",35
2016-09-12,"Lunes","No","No",70
2016-09-13,"Martes","No","No",44
2016-09-14,"Miércoles","No","No",59
2016-09-15,"Jueves","No","No",72
2016-09-16,"Viernes","No","No",70
2016-09-17,"Sábado","No","No",74
2016-09-18,"Domingo","No","No",28
2016-09-19,"Lunes","No","No",50
2016-09-20,"Martes","No","No",62
2016-09-21,"Miércoles","No","No",46
2016-09-22,"Jueves","No","No",68
2016-09-23,"Viernes","No","No",67
2016-09-24,"Sábado","No","No",62
2016-09-25,"Domingo","No","No",41
2016-09-26,"Lunes","No","No",63
2016-09-27,"Martes","No","No",60
2016-09-28,"Miércoles","No","No",46
2016-09-29,"Jueves","No","No",51
2016-09-30,"Viernes","No","No",49
2016-10-01,"Sábado","No","No",56
2016-10-02,"Domingo","No","No",41
2016-10-03,"Lunes","No","No",67
2016-10-04,"Martes","No","No",71
2016-10-05,"Miércoles","No","No",74
2016-10-06,"Jueves","No","No",75
2016-10-07,"Viernes","No","No",85
2016-10-08,"Sábado","No","No",65
2016-10-09,"Domingo","No","No",37
2016-10-10,"Lunes","No","No",69
2016-10-11,"Martes","No","No",63
2016-10-12,"Miércoles","No","No",72
2016-10-13,"Jueves","No","No",58
2016-10-14,"Viernes","No","No",66
2016-10-15,"Sábado","No","No",55
2016-10-16,"Domingo","No","No",38
2016-10-17,"Lunes","Sí","Sí",27
2016-10-18,"Martes","No","No",82
2016-10-19,"Miércoles","No","No",61
2016-10-20,"Jueves","No","No",56
2016-10-21,"Viernes","No","No",78
2016-10-22,"Sábado","No","No",50
2016-10-23,"Domingo","No","No",28
2016-10-24,"Lunes","No","No",67
2016-10-25,"Martes","No","No",68
2016-10-26,"Miércoles","No","No",56
2016-10-27,"Jueves","No","No",63
2016-10-28,"Viernes","No","No",89
2016-10-29,"Sábado","No","No",60
2016-10-30,"Domingo","No","No",24
2016-10-31,"Lunes","No","No",67
2016-11-01,"Martes","No","No",63
2016-11-02,"Miércoles","No","No",70
2016-11-03,"Jueves","No","No",61
2016-11-04,"Viernes","No","No",78
2016-11-05,"Sábado","No","No",61
2016-11-06,"Domingo","No","No",36
2016-11-07,"Lunes","Sí","Sí",22
2016-11-08,"Martes","No","No",70
2016-11-09,"Miércoles","No","No",62
2016-11-10,"Jueves","No","No",47
2016-11-11,"Viernes","No","No",57
2016-11-12,"Sábado","No","No",60
2016-11-13,"Domingo","No","No",27
2016-11-14,"Lunes","Sí","Sí",25
2016-11-15,"Martes","No","No",71
2016-11-16,"Miércoles","No","No",50
2016-11-17,"Jueves","No","No",63
2016-11-18,"Viernes","No","No",76
2016-11-19,"Sábado","No","No",61
2016-11-20,"Domingo","No","No",30
2016-11-21,"Lunes","No","No",75
2016-11-22,"Martes","No","No",60
2016-11-23,"Miércoles","No","No",76
2016-11-24,"Jueves","No","No",67
2016-11-25,"Viernes","No","No",72
2016-11-26,"Sábado","No","No",54
2016-11-27,"Domingo","No","No",37
2016-11-28,"Lunes","No","No",56
2016-11-29,"Martes","No","No",55
2016-11-30,"Miércoles","No","No",68
2016-12-01,"Jueves","No","No",45
2016-12-02,"Viernes","No","No",79
2016-12-03,"Sábado","No","No",57
2016-12-04,"Domingo","No","No",36
2016-12-05,"Lunes","No","No",84
2016-12-06,"Martes","No","No",73
2016-12-07,"Miércoles","No","No",83
2016-12-08,"Jueves","Sí","Sí",27
2016-12-09,"Viernes","No","No",67
2016-12-10,"Sábado","No","No",62
2016-12-11,"Domingo","No","No",30
2016-12-12,"Lunes","No","No",77
2016-12-13,"Martes","No","No",69
2016-12-14,"Miércoles","No","No",62
2016-12-15,"Jueves","No","No",79
2016-12-16,"Viernes","No","No",84
2016-12-17,"Sábado","No","No",70
2016-12-18,"Domingo","No","No",37
2016-12-19,"Lunes","No","No",69
2016-12-20,"Martes","No","No",91
2016-12-21,"Miércoles","No","No",74
2016-12-22,"Jueves","No","No",66
2016-12-23,"Viernes","No","No",77
2016-12-24,"Sábado","No","No",34
2016-12-25,"Domingo","Sí","Sí",22
2016-12-26,"Lunes","No","No",49
2016-12-27,"Martes","No","No",56
2016-12-28,"Miércoles","No","No",75
2016-12-29,"Jueves","No","No",54
2016-12-30,"Viernes","No","No",58
2016-12-31,"Sábado","No","No",17
2017-01-01,"Domingo","No","No",22
2017-01-02,"Lunes","No","No",25
2017-01-03,"Martes","No","No",47
2017-01-04,"Miércoles","No","No",34
2017-01-05,"Jueves","No","No",40
2017-01-06,"Viernes","No","No",40
2017-01-07,"Sábado","No","No",41
2017-01-08,"Domingo","No","No",16
2017-01-09,"Lunes","Sí","Sí",19
2017-01-10,"Martes","No","No",42
2017-01-11,"Miércoles","No","No",58
2017-01-12,"Jueves","No","No",44
2017-01-13,"Viernes","No","No",68
2017-01-14,"Sábado","No","No",54
2017-01-15,"Domingo","No","No",30
2017-01-16,"Lunes","No","No",78
2017-01-17,"Martes","No","No",54
2017-01-18,"Miércoles","No","No",50
2017-01-19,"Jueves","No","No",69
2017-01-20,"Viernes","No","No",56
2017-01-21,"Sábado","No","No",47
2017-01-22,"Domingo","No","No",29
2017-01-23,"Lunes","No","No",72
2017-01-24,"Martes","No","No",72
2017-01-25,"Miércoles","No","No",52
2017-01-26,"Jueves","No","No",63
2017-01-27,"Viernes","No","No",75
2017-01-28,"Sábado","No","No",50
2017-01-29,"Domingo","No","No",26
2017-01-30,"Lunes","No","No",54
2017-01-31,"Martes","No","No",72
2017-02-01,"Miércoles","No","No",53
2017-02-02,"Jueves","No","No",60
2017-02-03,"Viernes","No","No",57
2017-02-04,"Sábado","No","No",52
2017-02-05,"Domingo","No","No",38
2017-02-06,"Lunes","No","No",55
2017-02-07,"Martes","No","No",74
2017-02-08,"Miércoles","No","No",63
2017-02-09,"Jueves","No","No",57
2017-02-10,"Viernes","No","No",74
2017-02-11,"Sábado","No","No",54
2017-02-12,"Domingo","No","No",23
2017-02-13,"Lunes","No","No",49
2017-02-14,"Martes","No","No",77
2017-02-15,"Miércoles","No","No",76
2017-02-16,"Jueves","No","No",72
2017-02-17,"Viernes","No","No",80
2017-02-18,"Sábado","No","No",62
2017-02-19,"Domingo","No","No",32
2017-02-20,"Lunes","No","No",83
2017-02-21,"Martes","No","No",81
2017-02-22,"Miércoles","No","No",78
2017-02-23,"Jueves","No","No",67
2017-02-24,"Viernes","No","No",75
2017-02-25,"Sábado","No","No",56
2017-02-26,"Domingo","No","No",27
2017-02-27,"Lunes","No","No",57
2017-02-28,"Martes","No","No",74
2017-03-01,"Miércoles","No","No",70
2017-03-02,"Jueves","No","No",52
2017-03-03,"Viernes","No","No",52
2017-03-04,"Sábado","No","No",70
2017-03-05,"Domingo","No","No",20
2017-03-06,"Lunes","No","No",49
2017-03-07,"Martes","No","No",64
2017-03-08,"Miércoles","No","No",80
2017-03-09,"Jueves","No","No",74
2017-03-10,"Viernes","No","No",67
2017-03-11,"Sábado","No","No",54
2017-03-12,"Domingo","No","No",20
2017-03-13,"Lunes","No","No",45
2017-03-14,"Martes","No","No",80
2017-03-15,"Miércoles","No","No",60
2017-03-16,"Jueves","No","No",57
2017-03-17,"Viernes","No","No",58
2017-03-18,"Sábado","No","No",59
2017-03-19,"Domingo","No","No",31
2017-03-20,"Lunes","Sí","Sí",17
2017-03-21,"Martes","No","No",82
2017-03-22,"Miércoles","No","No",52
2017-03-23,"Jueves","No","No",41
2017-03-24,"Viernes","No","No",68
2017-03-25,"Sábado","No","No",39
2017-03-26,"Domingo","No","No",41
2017-03-27,"Lunes","No","No",49
2017-03-28,"Martes","No","No",65
2017-03-29,"Miércoles","No","No",52
2017-03-30,"Jueves","No","No",84
2017-03-31,"Viernes","No","No",82
2017-04-01,"Sábado","No","No",70
2017-04-02,"Domingo","No","No",26
2017-04-03,"Lunes","No","No",74
2017-04-04,"Martes","No","No",69
2017-04-05,"Miércoles","No","No",53
2017-04-06,"Jueves","No","No",73
2017-04-07,"Viernes","No","No",76
2017-04-08,"Sábado","No","No",50
2017-04-09,"Domingo","No","No",16
2017-04-10,"Lunes","No","No",66
2017-04-11,"Martes","No","No",60
2017-04-12,"Miércoles","No","No",97
2017-04-13,"Jueves","Sí","Sí",21
2017-04-14,"Viernes","Sí","Sí",14
2017-04-15,"Sábado","No","No",29
2017-04-16,"Domingo","No","No",23
2017-04-17,"Lunes","No","No",61
2017-04-18,"Martes","No","No",63
2017-04-19,"Miércoles","No","No",44
2017-04-20,"Jueves","No","No",64
2017-04-21,"Viernes","No","No",40
2017-04-22,"Sábado","No","No",58
2017-04-23,"Domingo","No","No",32
2017-04-24,"Lunes","No","No",64
2017-04-25,"Martes","No","No",67
2017-04-26,"Miércoles","No","No",81
2017-04-27,"Jueves","No","No",59
2017-04-28,"Viernes","No","No",83
2017-04-29,"Sábado","No","No",62
2017-04-30,"Domingo","No","No",30
2017-05-01,"Lunes","Sí","Sí",29
2017-05-02,"Martes","No","No",82
2017-05-03,"Miércoles","No","No",63
2017-05-04,"Jueves","No","No",61
2017-05-05,"Viernes","No","No",80
2017-05-06,"Sábado","No","No",74
2017-05-07,"Domingo","No","No",26
2017-05-08,"Lunes","No","No",63
2017-05-09,"Martes","No","No",54
2017-05-10,"Miércoles","No","No",69
2017-05-11,"Jueves","No","No",62
2017-05-12,"Viernes","No","No",71
2017-05-13,"Sábado","No","No",62
2017-05-14,"Domingo","No","No",50
2017-05-15,"Lunes","No","No",70
2017-05-16,"Martes","No","No",59
2017-05-17,"Miércoles","No","No",50
2017-05-18,"Jueves","No","No",63
2017-05-19,"Viernes","No","No",90
2017-05-20,"Sábado","No","No",49
2017-05-21,"Domingo","No","No",30
2017-05-22,"Lunes","No","No",57
2017-05-23,"Martes","No","No",63
2017-05-24,"Miércoles","No","No",67
2017-05-25,"Jueves","No","No",49
2017-05-26,"Viernes","No","No",76
2017-05-27,"Sábado","No","No",45
2017-05-28,"Domingo","No","No",28
2017-05-29,"Lunes","Sí","Sí",32
2017-05-30,"Martes","No","No",64
2017-05-31,"Miércoles","No","No",54
2017-06-01,"Jueves","No","No",77
2017-06-02,"Viernes","No","No",72
2017-06-03,"Sábado","No","No",70
2017-06-04,"Domingo","No","No",27
2017-06-05,"Lunes","No","No",50
2017-06-06,"Martes","No","No",75
2017-06-07,"Miércoles","No","No",79
2017-06-08,"Jueves","No","No",54
2017-06-09,"Viernes","No","No",61
2017-06-10,"Sábado","No","No",63
2017-06-11,"Domingo","No","No",34
2017-06-12,"Lunes","No","No",68
2017-06-13,"Martes","No","No",58
2017-06-14,"Miércoles","No","No",75
2017-06-15,"Jueves","No","No",61
2017-06-16,"Viernes","No","No",57
2017-06-17,"Sábado","No","No",68
2017-06-18,"Domingo","No","No",36
2017-06-19,"Lunes","Sí","Sí",30
2017-06-20,"Martes","No","No",61
2017-06-21,"Miércoles","No","No",47
2017-06-22,"Jueves","No","No",60
2017-06-23,"Viernes","No","No",56
2017-06-24,"Sábado","No","No",52
2017-06-25,"Domingo","No","No",34
2017-06-26,"Lunes","Sí","Sí",30
2017-06-27,"Martes","No","No",57
2017-06-28,"Miércoles","No","No",74
2017-06-29,"Jueves","No","No",57
2017-06-30,"Viernes","No","No",64
2017-07-01,"Sábado","No","No",63
2017-07-02,"Domingo","No","No",24
2017-07-03,"Lunes","Sí","Sí",19
2017-07-04,"Martes","No","No",66
2017-07-05,"Miércoles","No","No",69
2017-07-06,"Jueves","No","No",59
2017-07-07,"Viernes","No","No",62
2017-07-08,"Sábado","No","No",62
2017-07-09,"Domingo","No","No",28
2017-07-10,"Lunes","No","No",58
2017-07-11,"Martes","No","No",77
2017-07-12,"Miércoles","No","No",52
2017-07-13,"Jueves","No","No",59
2017-07-14,"Viernes","No","No",72
2017-07-15,"Sábado","No","No",47
2017-07-16,"Domingo","No","No",35
2017-07-17,"Lunes","No","No",68
2017-07-18,"Martes","No","No",69
2017-07-19,"Miércoles","No","No",78
2017-07-20,"Jueves","Sí","Sí",35
2017-07-21,"Viernes","No","No",68
2017-07-22,"Sábado","No","No",59
2017-07-23,"Domingo","No","No",27
2017-07-24,"Lunes","No","No",63
2017-07-25,"Martes","No","No",71
2017-07-26,"Miércoles","No","No",58
2017-07-27,"Jueves","No","No",66
2017-07-28,"Viernes","No","No",76
2017-07-29,"Sábado","No","No",63
2017-07-30,"Domingo","No","No",33
2017-07-31,"Lunes","No","No",79
2017-08-01,"Martes","No","No",67
2017-08-02,"Miércoles","No","No",65
2017-08-03,"Jueves","No","No",68
2017-08-04,"Viernes","No","No",103
2017-08-05,"Sábado","No","No",48
2017-08-06,"Domingo","No","No",38
2017-08-07,"Lunes","Sí","Sí",43
2017-08-08,"Martes","No","No",66
2017-08-09,"Miércoles","No","No",75
2017-08-10,"Jueves","No","No",66
2017-08-11,"Viernes","No","No",68
2017-08-12,"Sábado","No","No",61
2017-08-13,"Domingo","No","No",40
2017-08-14,"Lunes","No","No",78
2017-08-15,"Martes","No","No",60
2017-08-16,"Miércoles","No","No",78
2017-08-17,"Jueves","No","No",82
2017-08-18,"Viernes","No","No",89
2017-08-19,"Sábado","No","No",53
2017-08-20,"Domingo","No","No",21
2017-08-21,"Lunes","Sí","Sí",32
2017-08-22,"Martes","No","No",52
2017-08-23,"Miércoles","No","No",62
2017-08-24,"Jueves","No","No",59
2017-08-25,"Viernes","No","No",80
2017-08-26,"Sábado","No","No",64
2017-08-27,"Domingo","No","No",39
2017-08-28,"Lunes","No","No",69
2017-08-29,"Martes","No","No",80
2017-08-30,"Miércoles","No","No",40
2017-08-31,"Jueves","No","No",27
2017-09-01,"Viernes","No","No",94
2017-09-02,"Sábado","No","No",47
2017-09-03,"Domingo","No","No",31
2017-09-04,"Lunes","No","No",64
2017-09-05,"Martes","No","No",75
2017-09-06,"Miércoles","No","No",73
2017-09-07,"Jueves","No","No",75
2017-09-08,"Viernes","No","No",48
2017-09-09,"Sábado","No","No",42
2017-09-10,"Domingo","No","No",25
2017-09-11,"Lunes","No","No",66
2017-09-12,"Martes","No","No",62
2017-09-13,"Miércoles","No","No",58
2017-09-14,"Jueves","No","No",74
2017-09-15,"Viernes","No","No",77
2017-09-16,"Sábado","No","No",67
2017-09-17,"Domingo","No","No",46
2017-09-18,"Lunes","No","No",69
2017-09-19,"Martes","No","No",74
2017-09-20,"Miércoles","No","No",47
2017-09-21,"Jueves","No","No",69
2017-09-22,"Viernes","No","No",72
2017-09-23,"Sábado","No","No",67
2017-09-24,"Domingo","No","No",26
2017-09-25,"Lunes","No","No",69
2017-09-26,"Martes","No","No",60
2017-09-27,"Miércoles","No","No",44
2017-09-28,"Jueves","No","No",54
2017-09-29,"Viernes","No","No",66
2017-09-30,"Sábado","No","No",65
2017-10-01,"Domingo","No","No",40
2017-10-02,"Lunes","No","No",110
2017-10-03,"Martes","No","No",68
2017-10-04,"Miércoles","No","No",64
2017-10-05,"Jueves","No","No",69
2017-10-06,"Viernes","No","No",60
2017-10-07,"Sábado","No","No",52
2017-10-08,"Domingo","No","No",22
2017-10-09,"Lunes","No","No",55
2017-10-10,"Martes","No","No",63
2017-10-11,"Miércoles","No","No",56
2017-10-12,"Jueves","No","No",56
2017-10-13,"Viernes","No","No",68
2017-10-14,"Sábado","No","No",53
2017-10-15,"Domingo","No","No",29
2017-10-16,"Lunes","Sí","Sí",26
2017-10-17,"Martes","No","No",71
2017-10-18,"Miércoles","No","No",60
2017-10-19,"Jueves","No","No",50
2017-10-20,"Viernes","No","No",77
2017-10-21,"Sábado","No","No",77
2017-10-22,"Domingo","No","No",26
2017-10-23,"Lunes","No","No",60
2017-10-24,"Martes","No","No",48
2017-10-25,"Miércoles","No","No",76
2017-10-26,"Jueves","No","No",53
2017-10-27,"Viernes","No","No",79
2017-10-28,"Sábado","No","No",61
2017-10-29,"Domingo","No","No",27
2017-10-30,"Lunes","No","No",70
2017-10-31,"Martes","No","No",71
2017-11-01,"Miércoles","No","No",56
2017-11-02,"Jueves","No","No",73
2017-11-03,"Viernes","No","No",66
2017-11-04,"Sábado","No","No",47
2017-11-05,"Domingo","No","No",20
2017-11-06,"Lunes","Sí","Sí",25
2017-11-07,"Martes","No","No",61
2017-11-08,"Miércoles","No","No",52
2017-11-09,"Jueves","No","No",51
2017-11-10,"Viernes","No","No",67
2017-11-11,"Sábado","No","No",44
2017-11-12,"Domingo","No","No",31
2017-11-13,"Lunes","Sí","Sí",28
2017-11-14,"Martes","No","No",78
2017-11-15,"Miércoles","No","No",60
2017-11-16,"Jueves","No","No",77
2017-11-17,"Viernes","No","No",78
2017-11-18,"Sábado","No","No",78
2017-11-19,"Domingo","No","No",22
2017-11-20,"Lunes","No","No",61
2017-11-21,"Martes","No","No",51
2017-11-22,"Miércoles","No","No",70
2017-11-23,"Jueves","No","No",71
2017-11-24,"Viernes","No","No",78
2017-11-25,"Sábado","No","No",51
2017-11-26,"Domingo","No","No",31
2017-11-27,"Lunes","No","No",76
2017-11-28,"Martes","No","No",74
2017-11-29,"Miércoles","No","No",66
2017-11-30,"Jueves","No","No",51
2017-12-01,"Viernes","No","No",72
2017-12-02,"Sábado","No","No",78
2017-12-03,"Domingo","No","No",33
2017-12-04,"Lunes","No","No",66
2017-12-05,"Martes","No","No",86
2017-12-06,"Miércoles","No","No",65
2017-12-07,"Jueves","No","No",70
2017-12-08,"Viernes","Sí","Sí",33
2017-12-09,"Sábado","No","No",68
2017-12-10,"Domingo","No","No",34
2017-12-11,"Lunes","No","No",82
2017-12-12,"Martes","No","No",70
2017-12-13,"Miércoles","No","No",50
2017-12-14,"Jueves","No","No",49
2017-12-15,"Viernes","No","No",84
2017-12-16,"Sábado","No","No",58
2017-12-17,"Domingo","No","No",42
2017-12-18,"Lunes","No","No",66
2017-12-19,"Martes","No","No",66
2017-12-20,"Miércoles","No","No",72
2017-12-21,"Jueves","No","No",78
2017-12-22,"Viernes","No","No",87
2017-12-23,"Sábado","No","No",72
2017-12-24,"Domingo","No","No",30
2017-12-25,"Lunes","Sí","Sí",22
2017-12-26,"Martes","No","No",56
2017-12-27,"Miércoles","No","No",35
2017-12-28,"Jueves","No","No",48
2017-12-29,"Viernes","No","No",49
2017-12-30,"Sábado","No","No",31
2017-12-31,"Domingo","No","No",21
2018-01-01,"Lunes","Sí","Sí",22
2018-01-02,"Martes","No","No",47
2018-01-03,"Miércoles","No","No",47
2018-01-04,"Jueves","No","No",46
2018-01-05,"Viernes","No","No",28
2018-01-06,"Sábado","No","No",35
2018-01-07,"Domingo","No","No",19
2018-01-08,"Lunes","Sí","Sí",15
2018-01-09,"Martes","No","No",47
2018-01-10,"Miércoles","No","No",55
2018-01-11,"Jueves","No","No",47
2018-01-12,"Viernes","No","No",40
2018-01-13,"Sábado","No","No",30
2018-01-14,"Domingo","No","No",22
2018-01-15,"Lunes","No","No",53
2018-01-16,"Martes","No","No",52
2018-01-17,"Miércoles","No","No",71
2018-01-18,"Jueves","No","No",53
2018-01-19,"Viernes","No","No",80
2018-01-20,"Sábado","No","No",46
2018-01-21,"Domingo","No","No",27
2018-01-22,"Lunes","No","No",47
2018-01-23,"Martes","No","No",57
2018-01-24,"Miércoles","No","No",50
2018-01-25,"Jueves","No","No",53
2018-01-26,"Viernes","No","No",70
2018-01-27,"Sábado","No","No",47
2018-01-28,"Domingo","No","No",22
2018-01-29,"Lunes","No","No",46
2018-01-30,"Martes","No","No",61
2018-01-31,"Miércoles","No","No",49
2018-02-01,"Jueves","No","No",52
2018-02-02,"Viernes","No","No",103
2018-02-03,"Sábado","No","No",73
2018-02-04,"Domingo","No","No",22
2018-02-05,"Lunes","No","No",60
2018-02-06,"Martes","No","No",62
2018-02-07,"Miércoles","No","No",70
2018-02-08,"Jueves","No","No",64
2018-02-09,"Viernes","No","No",73
2018-02-10,"Sábado","No","No",50
2018-02-11,"Domingo","No","No",21
2018-02-12,"Lunes","No","No",57
2018-02-13,"Martes","No","No",85
2018-02-14,"Miércoles","No","No",69
2018-02-15,"Jueves","No","No",59
2018-02-16,"Viernes","No","No",71
2018-02-17,"Sábado","No","No",70
2018-02-18,"Domingo","No","No",27
2018-02-19,"Lunes","No","No",66
2018-02-20,"Martes","No","No",60
2018-02-21,"Miércoles","No","No",60
2018-02-22,"Jueves","No","No",68
2018-02-23,"Viernes","No","No",76
2018-02-24,"Sábado","No","No",50
2018-02-25,"Domingo","No","No",33
2018-02-26,"Lunes","No","No",63
2018-02-27,"Martes","No","No",52
2018-02-28,"Miércoles","No","No",58
2018-03-01,"Jueves","No","No",66
2018-03-02,"Viernes","No","No",69
2018-03-03,"Sábado","No","No",59
2018-03-04,"Domingo","No","No",32
2018-03-05,"Lunes","No","No",58
2018-03-06,"Martes","No","No",59
2018-03-07,"Miércoles","No","No",46
2018-03-08,"Jueves","No","No",43
2018-03-09,"Viernes","No","No",58
2018-03-10,"Sábado","No","No",51
2018-03-11,"Domingo","No","No",33
2018-03-12,"Lunes","No","No",65
2018-03-13,"Martes","No","No",52
2018-03-14,"Miércoles","No","No",61
2018-03-15,"Jueves","No","No",61
2018-03-16,"Viernes","No","No",68
2018-03-17,"Sábado","No","No",60
2018-03-18,"Domingo","No","No",29
2018-03-19,"Lunes","Sí","Sí",24
2018-03-20,"Martes","No","No",80
2018-03-21,"Miércoles","No","No",65
2018-03-22,"Jueves","No","No",55
2018-03-23,"Viernes","No","No",60
2018-03-24,"Sábado","No","No",63
2018-03-25,"Domingo","No","No",32
2018-03-26,"Lunes","No","No",64
2018-03-27,"Martes","No","No",59
2018-03-28,"Miércoles","No","No",49
2018-03-29,"Jueves","Sí","Sí",20
2018-03-30,"Viernes","Sí","Sí",12
2018-03-31,"Sábado","No","No",30
2018-04-01,"Domingo","No","No",34
2018-04-02,"Lunes","No","No",77
2018-04-03,"Martes","No","No",62
2018-04-04,"Miércoles","No","No",52
2018-04-05,"Jueves","No","No",78
2018-04-06,"Viernes","No","No",70
2018-04-07,"Sábado","No","No",62
2018-04-08,"Domingo","No","No",33
2018-04-09,"Lunes","No","No",60
2018-04-10,"Martes","No","No",72
2018-04-11,"Miércoles","No","No",57
2018-04-12,"Jueves","No","No",55
2018-04-13,"Viernes","No","No",59
2018-04-14,"Sábado","No","No",45
2018-04-15,"Domingo","No","No",23
2018-04-16,"Lunes","No","No",71
2018-04-17,"Martes","No","No",51
2018-04-18,"Miércoles","No","No",48
2018-04-19,"Jueves","No","No",63
2018-04-20,"Viernes","No","No",65
2018-04-21,"Sábado","No","No",62
2018-04-22,"Domingo","No","No",42
2018-04-23,"Lunes","No","No",82
2018-04-24,"Martes","No","No",31
2018-04-25,"Miércoles","No","No",63
2018-04-26,"Jueves","No","No",57
2018-04-27,"Viernes","No","No",71
2018-04-28,"Sábado","No","No",63
2018-04-29,"Domingo","No","No",31
2018-04-30,"Lunes","No","No",62
2018-05-01,"Martes","Sí","Sí",17
2018-05-02,"Miércoles","No","No",67
2018-05-03,"Jueves","No","No",52
2018-05-04,"Viernes","No","No",50
2018-05-05,"Sábado","No","No",49
2018-05-06,"Domingo","No","No",21
2018-05-07,"Lunes","No","No",49
2018-05-08,"Martes","No","No",64
2018-05-09,"Miércoles","No","No",59
2018-05-10,"Jueves","No","No",69
2018-05-11,"Viernes","No","No",88
2018-05-12,"Sábado","No","No",73
2018-05-13,"Domingo","No","No",49
2018-05-14,"Lunes","Sí","Sí",25
2018-05-15,"Martes","No","No",81
2018-05-16,"Miércoles","No","No",58
2018-05-17,"Jueves","No","No",57
2018-05-18,"Viernes","No","No",71
2018-05-19,"Sábado","No","No",84
2018-05-20,"Domingo","No","No",33
2018-05-21,"Lunes","No","No",54
2018-05-22,"Martes","No","No",80
2018-05-23,"Miércoles","No","No",70
2018-05-24,"Jueves","No","No",56
2018-05-25,"Viernes","No","No",76
2018-05-26,"Sábado","No","No",51
2018-05-27,"Domingo","No","No",37
2018-05-28,"Lunes","No","No",64
2018-05-29,"Martes","No","No",53
2018-05-30,"Miércoles","No","No",58
2018-05-31,"Jueves","No","No",34
2018-06-01,"Viernes","No","No",68
2018-06-02,"Sábado","No","No",65
2018-06-03,"Domingo","No","No",39
2018-06-04,"Lunes","Sí","Sí",24
2018-06-05,"Martes","No","No",62
2018-06-06,"Miércoles","No","No",51
2018-06-07,"Jueves","No","No",54
2018-06-08,"Viernes","No","No",64
2018-06-09,"Sábado","No","No",78
2018-06-10,"Domingo","No","No",27
2018-06-11,"Lunes","Sí","Sí",35
2018-06-12,"Martes","No","No",75
2018-06-13,"Miércoles","No","No",69
2018-06-14,"Jueves","No","No",49
2018-06-15,"Viernes","No","No",55
2018-06-16,"Sábado","No","No",49
2018-06-17,"Domingo","No","No",33
2018-06-18,"Lunes","No","No",56
2018-06-19,"Martes","No","No",45
2018-06-20,"Miércoles","No","No",56
2018-06-21,"Jueves","No","No",65
2018-06-22,"Viernes","No","No",62
2018-06-23,"Sábado","No","No",65
2018-06-24,"Domingo","No","No",40
2018-06-25,"Lunes","No","No",64
2018-06-26,"Martes","No","No",40
2018-06-27,"Miércoles","No","No",60
2018-06-28,"Jueves","No","No",44
2018-06-29,"Viernes","No","No",63
2018-06-30,"Sábado","No","No",41
2018-07-01,"Domingo","No","No",26
2018-07-02,"Lunes","Sí","Sí",31
2018-07-03,"Martes","No","No",51
2018-07-04,"Miércoles","No","No",70
2018-07-05,"Jueves","No","No",42
2018-07-06,"Viernes","No","No",47
2018-07-07,"Sábado","No","No",49
2018-07-08,"Domingo","No","No",15
2018-07-09,"Lunes","No","No",64
2018-07-10,"Martes","No","No",54
2018-07-11,"Miércoles","No","No",57
2018-07-12,"Jueves","No","No",57
2018-07-13,"Viernes","No","No",65
2018-07-14,"Sábado","No","No",52
2018-07-15,"Domingo","No","No",31
2018-07-16,"Lunes","No","No",74
2018-07-17,"Martes","No","No",69
2018-07-18,"Miércoles","No","No",54
2018-07-19,"Jueves","No","No",80
2018-07-20,"Viernes","Sí","Sí",37
2018-07-21,"Sábado","No","No",55
2018-07-22,"Domingo","No","No",27
2018-07-23,"Lunes","No","No",75
2018-07-24,"Martes","No","No",55
2018-07-25,"Miércoles","No","No",63
2018-07-26,"Jueves","No","No",60
2018-07-27,"Viernes","No","No",53
2018-07-28,"Sábado","No","No",53
2018-07-29,"Domingo","No","No",25
2018-07-30,"Lunes","No","No",78
2018-07-31,"Martes","No","No",45
2018-08-01,"Miércoles","No","No",52
2018-08-02,"Jueves","No","No",52
2018-08-03,"Viernes","No","No",85
2018-08-04,"Sábado","No","No",79
2018-08-05,"Domingo","No","No",37
2018-08-06,"Lunes","No","No",56
2018-08-07,"Martes","Sí","Sí",31
2018-08-08,"Miércoles","No","No",78
2018-08-09,"Jueves","No","No",59
2018-08-10,"Viernes","No","No",74
2018-08-11,"Sábado","No","No",73
2018-08-12,"Domingo","No","No",29
2018-08-13,"Lunes","No","No",64
2018-08-14,"Martes","No","No",77
2018-08-15,"Miércoles","No","No",77
2018-08-16,"Jueves","No","No",71
2018-08-17,"Viernes","No","No",67
2018-08-18,"Sábado","No","No",60
2018-08-19,"Domingo","No","No",28
2018-08-20,"Lunes","Sí","Sí",28
2018-08-21,"Martes","No","No",77
2018-08-22,"Miércoles","No","No",59
2018-08-23,"Jueves","No","No",56
2018-08-24,"Viernes","No","No",86
2018-08-25,"Sábado","No","No",58
2018-08-26,"Domingo","No","No",29
2018-08-27,"Lunes","No","No",73
2018-08-28,"Martes","No","No",53
2018-08-29,"Miércoles","No","No",74
2018-08-30,"Jueves","No","No",55
2018-08-31,"Viernes","No","No",61
2018-09-01,"Sábado","No","No",56
2018-09-02,"Domingo","No","No",31
2018-09-03,"Lunes","No","No",53
2018-09-04,"Martes","No","No",66
2018-09-05,"Miércoles","No","No",60
2018-09-06,"Jueves","No","No",50
2018-09-07,"Viernes","No","No",73
2018-09-08,"Sábado","No","No",64
2018-09-09,"Domingo","No","No",35
2018-09-10,"Lunes","No","No",45
2018-09-11,"Martes","No","No",69
2018-09-12,"Miércoles","No","No",60
2018-09-13,"Jueves","No","No",55
2018-09-14,"Viernes","No","No",65
2018-09-15,"Sábado","No","No",77
2018-09-16,"Domingo","No","No",34
2018-09-17,"Lunes","No","No",80
2018-09-18,"Martes","No","No",69
2018-09-19,"Miércoles","No","No",54
2018-09-20,"Jueves","No","No",50
2018-09-21,"Viernes","No","No",68
2018-09-22,"Sábado","No","No",61
2018-09-23,"Domingo","No","No",35
2018-09-24,"Lunes","No","No",47
2018-09-25,"Martes","No","No",79
2018-09-26,"Miércoles","No","No",57
2018-09-27,"Jueves","No","No",77
2018-09-28,"Viernes","No","No",90
2018-09-29,"Sábado","No","No",68
2018-09-30,"Domingo","No","No",28
2018-10-01,"Lunes","No","No",60
2018-10-02,"Martes","No","No",61
2018-10-03,"Miércoles","No","No",63
2018-10-04,"Jueves","No","No",66
2018-10-05,"Viernes","No","No",80
2018-10-06,"Sábado","No","No",54
2018-10-07,"Domingo","No","No",34
2018-10-08,"Lunes","No","No",58
2018-10-09,"Martes","No","No",74
2018-10-10,"Miércoles","No","No",58
2018-10-11,"Jueves","No","No",51
2018-10-12,"Viernes","No","No",73
2018-10-13,"Sábado","No","No",49
2018-10-14,"Domingo","No","No",27
2018-10-15,"Lunes","Sí","Sí",29
2018-10-16,"Martes","No","No",62
2018-10-17,"Miércoles","No","No",70
2018-10-18,"Jueves","No","No",53
2018-10-19,"Viernes","No","No",64
2018-10-20,"Sábado","No","No",67
2018-10-21,"Domingo","No","No",33
2018-10-22,"Lunes","No","No",62
2018-10-23,"Martes","No","No",66
2018-10-24,"Miércoles","No","No",71
2018-10-25,"Jueves","No","No",75
2018-10-26,"Viernes","No","No",56
2018-10-27,"Sábado","No","No",60
2018-10-28,"Domingo","No","No",26
2018-10-29,"Lunes","No","No",63
2018-10-30,"Martes","No","No",74
2018-10-31,"Miércoles","No","No",76
2018-11-01,"Jueves","No","No",64
2018-11-02,"Viernes","No","No",64
2018-11-03,"Sábado","No","No",71
2018-11-04,"Domingo","No","No",33
2018-11-05,"Lunes","Sí","Sí",38
2018-11-06,"Martes","No","No",98
2018-11-07,"Miércoles","No","No",64
2018-11-08,"Jueves","No","No",58
2018-11-09,"Viernes","No","No",65
2018-11-10,"Sábado","No","No",58
2018-11-11,"Domingo","No","No",31
2018-11-12,"Lunes","Sí","Sí",28
2018-11-13,"Martes","No","No",108
2018-11-14,"Miércoles","No","No",71
2018-11-15,"Jueves","No","No",65
2018-11-16,"Viernes","No","No",90
2018-11-17,"Sábado","No","No",74
2018-11-18,"Domingo","No","No",33
2018-11-19,"Lunes","No","No",74
2018-11-20,"Martes","No","No",73
2018-11-21,"Miércoles","No","No",61
2018-11-22,"Jueves","No","No",54
2018-11-23,"Viernes","No","No",77
2018-11-24,"Sábado","No","No",66
2018-11-25,"Domingo","No","No",40
2018-11-26,"Lunes","No","No",67
2018-11-27,"Martes","No","No",58
2018-11-28,"Miércoles","No","No",61
2018-11-29,"Jueves","No","No",43
2018-11-30,"Viernes","No","No",5
2018-12-01,"Sábado","No","No",62
2018-12-02,"Domingo","No","No",40
2018-12-03,"Lunes","No","No",70
2018-12-04,"Martes","No","No",77
2018-12-05,"Miércoles","No","No",69
2018-12-06,"Jueves","No","No",80
2018-12-07,"Viernes","No","No",73
2018-12-08,"Sábado","No","No",44
2018-12-09,"Domingo","No","No",25
2018-12-10,"Lunes","No","No",77
2018-12-11,"Martes","No","No",60
2018-12-12,"Miércoles","No","No",84
2018-12-13,"Jueves","No","No",85
2018-12-14,"Viernes","No","No",65
2018-12-15,"Sábado","No","No",55
2018-12-16,"Domingo","No","No",35
2018-12-17,"Lunes","No","No",48
2018-12-18,"Martes","No","No",77
2018-12-19,"Miércoles","No","No",55
2018-12-20,"Jueves","No","No",72
2018-12-21,"Viernes","No","No",77
2018-12-22,"Sábado","No","No",48
2018-12-23,"Domingo","No","No",43
2018-12-24,"Lunes","No","No",65
2018-12-25,"Martes","Sí","Sí",23
2018-12-26,"Miércoles","No","No",53
2018-12-27,"Jueves","No","No",62
2018-12-28,"Viernes","No","No",57
2018-12-29,"Sábado","No","No",34
2018-12-30,"Domingo","No","No",27
2018-12-31,"Lunes","No","No",32
